{
 "buy_number": 0.0009692559778068971,
 "sell_number": 0.0009038313989644814,
 "fitness": 4212.838800962403
}