{
 "buy_number": 0.0009933734941053683,
 "sell_number": 0.000993234258862638,
 "fitness": 17230.48284378473
}