{
 "buy_number": 5.868602527860684,
 "sell_number": 7.818109548843291,
 "fitness": 34140383.8870136
}